{
  "T_W_LH": [
    [
      -0.9863249694904755,
      -0.16473065436476553,
      -0.005183249190329354,
      0.001438989072550603
    ],
    [
      0.1647449282077883,
      -0.986333146119253,
      -0.0024563176315550187,
      0.011446954382732858
    ],
    [
      -0.004707779670243852,
      -0.003276641428746306,
      0.999983550080462,
      0.006030524194935806
    ],
    [
      0.0,
      0.0,
      0.0,
      1.0
    ]
  ],
  "floor_normal_LH": [
    -0.004707779670243852,
    -0.003276641428746306,
    0.999983550080462
  ],
  "plane_rmse_m_inliers": 0.0001762077599590879,
  "ransac_thresh_m": 0.01,
  "ransac_inliers": 22,
  "ransac_total": 23,
  "P0_mean_LH": [
    -0.00043812644569471903,
    0.011547316006763661,
    -0.005994848998474924
  ],
  "P1_mean_LH": [
    -0.27410317426590347,
    -0.03416008927043941,
    -0.006890420516409562
  ],
  "P0_std_m": [
    1.0086445445164313e-05,
    1.0771201145317934e-05,
    1.1051080296081277e-05
  ],
  "P1_std_m": [
    9.49712832336332e-06,
    4.0068900478797535e-06,
    7.914191268497288e-06
  ],
  "tracker_key": "LHR-0DFD738C",
  "notes": "W: origin=P0 on floor; +X is P0->P1 projection on floor; +Z is floor normal (from RANSAC inliers).",
  "rotation_offset": [
    -0.6997952584332602,
    -0.7143256938369875,
    0.0035123634791026583,
    -0.0036142359391431477
  ]
}